file_path,year_folder,file_name,extension,physical_format,file_size_bytes,sheet_name,header_row_1based,physical_data_rows,transaction_rows,continuation_rows,column_count,columns,status_values,marketplace_values,store_count,sample_stores,error
data/CREWDIBLE/2023 Transaksi/Salinan Transaksi 2023.xlsx,2023 Transaksi,Salinan Transaksi 2023.xlsx,.xlsx,xlsx_zip,349822,Sheet1,1,2367,969,1398,35,No | Gudang | Tanggal Transaksi | No. Transaksi | Status | Pengirim | No. HP Pengirim | Nama Toko | Nama Marketplace | Penerima | No. HP Penerima | Alamat Penerima | Nama Produk | No. SKU | Qty Produk | Harga Produk | Total Harga Produk | Total Nilai Transaksi | Biaya Transaksi | PPN Biaya Transaksi | Material Packaging | Harga Material Packaging | Qty Material Packaging | Total Harga Material Packaging | Total Biaya Packaging | PPN Total Biaya Packaging | Total Biaya QC | PPN Total Biaya QC | Total Biaya Shipping Label | PPN Total Biaya Shipping Label | Logistik | Kode Booking | No. AWB | Biaya Logistik | Total Biaya Transaksi,CANCELLED:41; DONE:918; REJECT:10,LAZADA:26; SHOPEE:655,10,BERAS SEHAT STORE; Bandar Organik Store; Bromo Organik; Lembah Organik Store; Medan Organik Store; Merbabu Organik Store; PORICE OFFICIAL STORE; Truly Organik ID; Warung Beras Organik; WellFarm Official Yogya-Jateng,
data/CREWDIBLE/2024 Transaksi/1. Crewdible Transaksi Januari 2024.xls,2024 Transaksi,1. Crewdible Transaksi Januari 2024.xls,.xls,xlsx_zip,454116,Transaction,1,2685,1082,1603,35,No | Gudang | Tanggal Transaksi | No. Transaksi | Status | Pengirim | No. HP Pengirim | Nama Toko | Nama Marketplace | Penerima | No. HP Penerima | Alamat Penerima | Nama Produk | No. SKU | Qty Produk | Harga Produk | Total Harga Produk | Total Nilai Transaksi | Biaya Transaksi | PPN Biaya Transaksi | Material Packaging | Harga Material Packaging | Qty Material Packaging | Total Harga Material Packaging | Total Biaya Packaging | PPN Total Biaya Packaging | Total Biaya QC | PPN Total Biaya QC | Total Biaya Shipping Label | PPN Total Biaya Shipping Label | Logistik | Kode Booking | No. AWB | Biaya Logistik | Total Biaya Transaksi,CANCELLED:23; DONE:1055; REJECT:4,LAZADA:50; SHOPEE:860,12,BERAS SEHAT STORE; Bandar Organik Store; Bandung Diet & Healthy Corner; Bogor Healthy Store; Bromo Organik; Lembah Organik Store; Medan Organik Store; Merbabu Organik Store; PORICE OFFICIAL STORE; Truly Organik ID; Warung Beras Organik; WellFarm Official Yogya-Jateng,
data/CREWDIBLE/2024 Transaksi/10. Crewdible Transaksi Oktober 2024.xls,2024 Transaksi,10. Crewdible Transaksi Oktober 2024.xls,.xls,xlsx_zip,1289990,Transaction,1,7214,2967,4247,35,No | Gudang | Tanggal Transaksi | No. Transaksi | Status | Pengirim | No. HP Pengirim | Nama Toko | Nama Marketplace | Penerima | No. HP Penerima | Alamat Penerima | Nama Produk | No. SKU | Qty Produk | Harga Produk | Total Harga Produk | Total Nilai Transaksi | Biaya Transaksi | PPN Biaya Transaksi | Material Packaging | Harga Material Packaging | Qty Material Packaging | Total Harga Material Packaging | Total Biaya Packaging | PPN Total Biaya Packaging | Total Biaya QC | PPN Total Biaya QC | Total Biaya Shipping Label | PPN Total Biaya Shipping Label | Logistik | Kode Booking | No. AWB | Biaya Logistik | Total Biaya Transaksi,CANCELLED:5; DONE:2951; REJECT:11,LAZADA:276; SHOPEE:2287; TIKTOK:54,23,BERAS SEHAT STORE; Bandar Organik Store; Bandung Diet & Healthy Corner; Beras Sehat Organik; Bogor Healthy Store; Bromo Organik; Lembah Organik Store; Medan Organik Store; Merbabu Organik Store; OWELLNESS ORGANIK SHOP; PORICE OFFICIAL STORE; Pusat Beras Berkualitas,
data/CREWDIBLE/2024 Transaksi/11. Crewdible Transaksi November 2024.xls,2024 Transaksi,11. Crewdible Transaksi November 2024.xls,.xls,xlsx_zip,1642796,Transaction,1,9121,3773,5348,35,No | Gudang | Tanggal Transaksi | No. Transaksi | Status | Pengirim | No. HP Pengirim | Nama Toko | Nama Marketplace | Penerima | No. HP Penerima | Alamat Penerima | Nama Produk | No. SKU | Qty Produk | Harga Produk | Total Harga Produk | Total Nilai Transaksi | Biaya Transaksi | PPN Biaya Transaksi | Material Packaging | Harga Material Packaging | Qty Material Packaging | Total Harga Material Packaging | Total Biaya Packaging | PPN Total Biaya Packaging | Total Biaya QC | PPN Total Biaya QC | Total Biaya Shipping Label | PPN Total Biaya Shipping Label | Logistik | Kode Booking | No. AWB | Biaya Logistik | Total Biaya Transaksi,CANCELLED:1; DONE:3765; REJECT:7,LAZADA:282; SHOPEE:2983; TIKTOK:120,23,BERAS SEHAT STORE; Bandar Organik Store; Bandung Diet & Healthy Corner; Beras Sehat Organik; Bogor Healthy Store; Bromo Organik; Lembah Organik Store; Medan Organik Store; Merbabu Organik Store; OWELLNESS ORGANIK SHOP; PORICE OFFICIAL STORE; Pusat Beras Berkualitas,
data/CREWDIBLE/2024 Transaksi/12. Crewdible Transaksi Desember 2024.xls,2024 Transaksi,12. Crewdible Transaksi Desember 2024.xls,.xls,xlsx_zip,1781013,Transaction,1,9978,4146,5832,35,No | Gudang | Tanggal Transaksi | No. Transaksi | Status | Pengirim | No. HP Pengirim | Nama Toko | Nama Marketplace | Penerima | No. HP Penerima | Alamat Penerima | Nama Produk | No. SKU | Qty Produk | Harga Produk | Total Harga Produk | Total Nilai Transaksi | Biaya Transaksi | PPN Biaya Transaksi | Material Packaging | Harga Material Packaging | Qty Material Packaging | Total Harga Material Packaging | Total Biaya Packaging | PPN Total Biaya Packaging | Total Biaya QC | PPN Total Biaya QC | Total Biaya Shipping Label | PPN Total Biaya Shipping Label | Logistik | Kode Booking | No. AWB | Biaya Logistik | Total Biaya Transaksi,CANCELLED:1; DONE:4136; REJECT:9,LAZADA:325; SHOPEE:3229; TIKTOK:234,23,BERAS SEHAT STORE; Bandar Organik Store; Bandung Diet & Healthy Corner; Beras Sehat Organik; Bogor Healthy Store; Bromo Organik; Lembah Organik Store; Medan Organik Store; Merbabu Organik Store; OWELLNESS ORGANIK SHOP; PORICE OFFICIAL STORE; Pusat Beras Berkualitas,
data/CREWDIBLE/2024 Transaksi/2. Crewdible Tansaksi Februari 2024.xls,2024 Transaksi,2. Crewdible Tansaksi Februari 2024.xls,.xls,xlsx_zip,469100,Transaction,1,2678,1079,1599,35,No | Gudang | Tanggal Transaksi | No. Transaksi | Status | Pengirim | No. HP Pengirim | Nama Toko | Nama Marketplace | Penerima | No. HP Penerima | Alamat Penerima | Nama Produk | No. SKU | Qty Produk | Harga Produk | Total Harga Produk | Total Nilai Transaksi | Biaya Transaksi | PPN Biaya Transaksi | Material Packaging | Harga Material Packaging | Qty Material Packaging | Total Harga Material Packaging | Total Biaya Packaging | PPN Total Biaya Packaging | Total Biaya QC | PPN Total Biaya QC | Total Biaya Shipping Label | PPN Total Biaya Shipping Label | Logistik | Kode Booking | No. AWB | Biaya Logistik | Total Biaya Transaksi,CANCELLED:4; DONE:1075,LAZADA:76; SHOPEE:895,13,BERAS SEHAT STORE; Bandar Organik Store; Bandung Diet & Healthy Corner; Beras Sehat Organik; Bogor Healthy Store; Bromo Organik; Lembah Organik Store; Medan Organik Store; Merbabu Organik Store; PORICE OFFICIAL STORE; Truly Organik ID; Warung Beras Organik,
data/CREWDIBLE/2024 Transaksi/3. Crewdible Transaksi Maret 2024.xls,2024 Transaksi,3. Crewdible Transaksi Maret 2024.xls,.xls,xlsx_zip,502341,Transaction,1,2795,1117,1678,35,No | Gudang | Tanggal Transaksi | No. Transaksi | Status | Pengirim | No. HP Pengirim | Nama Toko | Nama Marketplace | Penerima | No. HP Penerima | Alamat Penerima | Nama Produk | No. SKU | Qty Produk | Harga Produk | Total Harga Produk | Total Nilai Transaksi | Biaya Transaksi | PPN Biaya Transaksi | Material Packaging | Harga Material Packaging | Qty Material Packaging | Total Harga Material Packaging | Total Biaya Packaging | PPN Total Biaya Packaging | Total Biaya QC | PPN Total Biaya QC | Total Biaya Shipping Label | PPN Total Biaya Shipping Label | Logistik | Kode Booking | No. AWB | Biaya Logistik | Total Biaya Transaksi,DONE:1116; REJECT:1,LAZADA:56; SHOPEE:889,13,BERAS SEHAT STORE; Bandar Organik Store; Bandung Diet & Healthy Corner; Beras Sehat Organik; Bogor Healthy Store; Bromo Organik; Lembah Organik Store; Medan Organik Store; Merbabu Organik Store; PORICE OFFICIAL STORE; Truly Organik ID; Warung Beras Organik,
data/CREWDIBLE/2024 Transaksi/4. Crewdible Transaksi April 2024.xls,2024 Transaksi,4. Crewdible Transaksi April 2024.xls,.xls,xlsx_zip,670577,Transaction,1,3772,1487,2285,35,No | Gudang | Tanggal Transaksi | No. Transaksi | Status | Pengirim | No. HP Pengirim | Nama Toko | Nama Marketplace | Penerima | No. HP Penerima | Alamat Penerima | Nama Produk | No. SKU | Qty Produk | Harga Produk | Total Harga Produk | Total Nilai Transaksi | Biaya Transaksi | PPN Biaya Transaksi | Material Packaging | Harga Material Packaging | Qty Material Packaging | Total Harga Material Packaging | Total Biaya Packaging | PPN Total Biaya Packaging | Total Biaya QC | PPN Total Biaya QC | Total Biaya Shipping Label | PPN Total Biaya Shipping Label | Logistik | Kode Booking | No. AWB | Biaya Logistik | Total Biaya Transaksi,CANCELLED:2; DONE:1465; REJECT:20,LAZADA:103; SHOPEE:1089; TIKTOK:7,16,BERAS SEHAT STORE; Bandar Organik Store; Bandung Diet & Healthy Corner; Beras Sehat Organik; Bogor Healthy Store; Bromo Organik; Lembah Organik Store; Medan Organik Store; Merbabu Organik Store; PORICE OFFICIAL STORE; Sumber Organik Shop; Truly Organik ID,
data/CREWDIBLE/2024 Transaksi/5. Crewdible Transaksi Mei 2024.xls,2024 Transaksi,5. Crewdible Transaksi Mei 2024.xls,.xls,xlsx_zip,1084241,Transaction,1,6171,2465,3706,35,No | Gudang | Tanggal Transaksi | No. Transaksi | Status | Pengirim | No. HP Pengirim | Nama Toko | Nama Marketplace | Penerima | No. HP Penerima | Alamat Penerima | Nama Produk | No. SKU | Qty Produk | Harga Produk | Total Harga Produk | Total Nilai Transaksi | Biaya Transaksi | PPN Biaya Transaksi | Material Packaging | Harga Material Packaging | Qty Material Packaging | Total Harga Material Packaging | Total Biaya Packaging | PPN Total Biaya Packaging | Total Biaya QC | PPN Total Biaya QC | Total Biaya Shipping Label | PPN Total Biaya Shipping Label | Logistik | Kode Booking | No. AWB | Biaya Logistik | Total Biaya Transaksi,CANCELLED:4; DONE:2449; REJECT:12,LAZADA:322; SHOPEE:1809; TIKTOK:13,16,BERAS SEHAT STORE; Bandar Organik Store; Bandung Diet & Healthy Corner; Beras Sehat Organik; Bogor Healthy Store; Bromo Organik; Lembah Organik Store; Medan Organik Store; Merbabu Organik Store; PORICE OFFICIAL STORE; Sumber Organik Shop; Truly Organik ID,
data/CREWDIBLE/2024 Transaksi/6. Crewdible Transaksi Juni 2024.xls,2024 Transaksi,6. Crewdible Transaksi Juni 2024.xls,.xls,xlsx_zip,1066931,Transaction,1,5971,2472,3499,35,No | Gudang | Tanggal Transaksi | No. Transaksi | Status | Pengirim | No. HP Pengirim | Nama Toko | Nama Marketplace | Penerima | No. HP Penerima | Alamat Penerima | Nama Produk | No. SKU | Qty Produk | Harga Produk | Total Harga Produk | Total Nilai Transaksi | Biaya Transaksi | PPN Biaya Transaksi | Material Packaging | Harga Material Packaging | Qty Material Packaging | Total Harga Material Packaging | Total Biaya Packaging | PPN Total Biaya Packaging | Total Biaya QC | PPN Total Biaya QC | Total Biaya Shipping Label | PPN Total Biaya Shipping Label | Logistik | Kode Booking | No. AWB | Biaya Logistik | Total Biaya Transaksi,CANCELLED:7; DONE:2453; REJECT:12,LAZADA:247; SHOPEE:1861; TIKTOK:17,18,BERAS SEHAT STORE; Bandar Organik Store; Bandung Diet & Healthy Corner; Beras Sehat Organik; Bogor Healthy Store; Bromo Organik; Lembah Organik Store; Medan Organik Store; Merbabu Organik Store; OWELLNESS ORGANIK SHOP; PORICE OFFICIAL STORE; Sumber Organik Shop,
data/CREWDIBLE/2024 Transaksi/7. Crewdible Transaksi Juli 2024.xls,2024 Transaksi,7. Crewdible Transaksi Juli 2024.xls,.xls,xlsx_zip,1319343,Transaction,1,7339,3052,4287,35,No | Gudang | Tanggal Transaksi | No. Transaksi | Status | Pengirim | No. HP Pengirim | Nama Toko | Nama Marketplace | Penerima | No. HP Penerima | Alamat Penerima | Nama Produk | No. SKU | Qty Produk | Harga Produk | Total Harga Produk | Total Nilai Transaksi | Biaya Transaksi | PPN Biaya Transaksi | Material Packaging | Harga Material Packaging | Qty Material Packaging | Total Harga Material Packaging | Total Biaya Packaging | PPN Total Biaya Packaging | Total Biaya QC | PPN Total Biaya QC | Total Biaya Shipping Label | PPN Total Biaya Shipping Label | Logistik | Kode Booking | No. AWB | Biaya Logistik | Total Biaya Transaksi,CANCELLED:7; DONE:3037; PENDING:1; REJECT:7,LAZADA:387; SHOPEE:2277; TIKTOK:61,19,BERAS SEHAT STORE; Bandar Organik Store; Bandung Diet & Healthy Corner; Beras Sehat Organik; Bogor Healthy Store; Bromo Organik; Lembah Organik Store; Medan Organik Store; Merbabu Organik Store; OWELLNESS ORGANIK SHOP; PORICE OFFICIAL STORE; Solo Organic Corner,
data/CREWDIBLE/2024 Transaksi/8. Crewdible Transaksi Agustus 2024.xls,2024 Transaksi,8. Crewdible Transaksi Agustus 2024.xls,.xls,xlsx_zip,1313305,Transaction,1,7343,2999,4344,35,No | Gudang | Tanggal Transaksi | No. Transaksi | Status | Pengirim | No. HP Pengirim | Nama Toko | Nama Marketplace | Penerima | No. HP Penerima | Alamat Penerima | Nama Produk | No. SKU | Qty Produk | Harga Produk | Total Harga Produk | Total Nilai Transaksi | Biaya Transaksi | PPN Biaya Transaksi | Material Packaging | Harga Material Packaging | Qty Material Packaging | Total Harga Material Packaging | Total Biaya Packaging | PPN Total Biaya Packaging | Total Biaya QC | PPN Total Biaya QC | Total Biaya Shipping Label | PPN Total Biaya Shipping Label | Logistik | Kode Booking | No. AWB | Biaya Logistik | Total Biaya Transaksi,CANCELLED:6; DONE:2982; REJECT:11,LAZADA:295; SHOPEE:2402; TIKTOK:44,19,BERAS SEHAT STORE; Bandar Organik Store; Bandung Diet & Healthy Corner; Beras Sehat Organik; Bogor Healthy Store; Bromo Organik; Lembah Organik Store; Medan Organik Store; Merbabu Organik Store; OWELLNESS ORGANIK SHOP; PORICE OFFICIAL STORE; Solo Organic Corner,
data/CREWDIBLE/2024 Transaksi/9. Crewdible Transaksi September 2024.xls,2024 Transaksi,9. Crewdible Transaksi September 2024.xls,.xls,xlsx_zip,1289990,Transaction,1,7214,2967,4247,35,No | Gudang | Tanggal Transaksi | No. Transaksi | Status | Pengirim | No. HP Pengirim | Nama Toko | Nama Marketplace | Penerima | No. HP Penerima | Alamat Penerima | Nama Produk | No. SKU | Qty Produk | Harga Produk | Total Harga Produk | Total Nilai Transaksi | Biaya Transaksi | PPN Biaya Transaksi | Material Packaging | Harga Material Packaging | Qty Material Packaging | Total Harga Material Packaging | Total Biaya Packaging | PPN Total Biaya Packaging | Total Biaya QC | PPN Total Biaya QC | Total Biaya Shipping Label | PPN Total Biaya Shipping Label | Logistik | Kode Booking | No. AWB | Biaya Logistik | Total Biaya Transaksi,CANCELLED:5; DONE:2951; REJECT:11,LAZADA:276; SHOPEE:2287; TIKTOK:54,23,BERAS SEHAT STORE; Bandar Organik Store; Bandung Diet & Healthy Corner; Beras Sehat Organik; Bogor Healthy Store; Bromo Organik; Lembah Organik Store; Medan Organik Store; Merbabu Organik Store; OWELLNESS ORGANIK SHOP; PORICE OFFICIAL STORE; Pusat Beras Berkualitas,
data/CREWDIBLE/2025 Transaksi/1. Crewdible Transaksi Januari 2025.xlsx,2025 Transaksi,1. Crewdible Transaksi Januari 2025.xlsx,.xlsx,xlsx_zip,1177726,Transaction,2,7815,3317,4498,35,No | Gudang | Tanggal Transaksi | No. Transaksi | Status | Pengirim | No. HP Pengirim | Nama Toko | Nama Marketplace | Penerima | No. HP Penerima | Alamat Penerima | Nama Produk | No. SKU | Qty Produk | Harga Produk | Total Harga Produk | Total Nilai Transaksi | Biaya Transaksi | PPN Biaya Transaksi | Material Packaging | Harga Material Packaging | Qty Material Packaging | Total Harga Material Packaging | Total Biaya Packaging | PPN Total Biaya Packaging | Total Biaya QC | PPN Total Biaya QC | Total Biaya Shipping Label | PPN Total Biaya Shipping Label | Logistik | Kode Booking | No. AWB | Biaya Logistik | Total Biaya Transaksi,CANCELLED:7; DONE:3301; REJECT:9,LAZADA:369; SHOPEE:2165; TIKTOK:478,25,BERAS SEHAT STORE; Bandar Organik Store; Bandung Diet & Healthy Corner; Beras Sehat Organik; Bogor Healthy Store; Bromo Organik; Lembah Organik Store; Medan Organik Store; Merbabu Organik Store; OWELLNESS ORGANIK SHOP; PORICE OFFICIAL STORE; Pusat Beras Berkualitas,
data/CREWDIBLE/2025 Transaksi/10. Crewdible Transaksi Oktober 2025.xlsx,2025 Transaksi,10. Crewdible Transaksi Oktober 2025.xlsx,.xlsx,xlsx_zip,2160572,Transaction,2,13931,6857,7074,35,No | Gudang | Tanggal Transaksi | No. Transaksi | Status | Pengirim | No. HP Pengirim | Nama Toko | Nama Marketplace | Penerima | No. HP Penerima | Alamat Penerima | Nama Produk | No. SKU | Qty Produk | Harga Produk | Total Harga Produk | Total Nilai Transaksi | Biaya Transaksi | PPN Biaya Transaksi | Material Packaging | Harga Material Packaging | Qty Material Packaging | Total Harga Material Packaging | Total Biaya Packaging | PPN Total Biaya Packaging | Total Biaya QC | PPN Total Biaya QC | Total Biaya Shipping Label | PPN Total Biaya Shipping Label | Logistik | Kode Booking | No. AWB | Biaya Logistik | Total Biaya Transaksi,CANCELLED:4; DONE:6810; REJECT:43,LAZADA:210; SHOPEE:4382; TIKTOK:1968,38,BERAS SEHAT STORE; Bandar Organik Store; Bandung Diet & Healthy Corner; Basecamp Organik; Beras Sehat Organik; Beras Sehat Shop; Bogor Healthy Store; Bromo Organik; Bromo organik; Lembah Organik Store; Medan Organik Store; Merapiorganik,
data/CREWDIBLE/2025 Transaksi/11. Crewdible Transaksi November 2025.xlsx,2025 Transaksi,11. Crewdible Transaksi November 2025.xlsx,.xlsx,xlsx_zip,2951027,Transaction,2,19083,9435,9648,35,No | Gudang | Tanggal Transaksi | No. Transaksi | Status | Pengirim | No. HP Pengirim | Nama Toko | Nama Marketplace | Penerima | No. HP Penerima | Alamat Penerima | Nama Produk | No. SKU | Qty Produk | Harga Produk | Total Harga Produk | Total Nilai Transaksi | Biaya Transaksi | PPN Biaya Transaksi | Material Packaging | Harga Material Packaging | Qty Material Packaging | Total Harga Material Packaging | Total Biaya Packaging | PPN Total Biaya Packaging | Total Biaya QC | PPN Total Biaya QC | Total Biaya Shipping Label | PPN Total Biaya Shipping Label | Logistik | Kode Booking | No. AWB | Biaya Logistik | Total Biaya Transaksi,CANCELLED:6; DONE:9396; PENDING:1; REJECT:32,LAZADA:170; SHOPEE:5604; TIKTOK:3507,38,BERAS SEHAT STORE; Bandar Organik Store; Bandung Diet & Healthy Corner; Basecamp Organik; Beras Sehat Organik; Beras Sehat Shop; Bogor Healthy Store; Bromo Organik; Bromo organik; Lembah Organik Store; Medan Organik Store; Merapiorganik,
data/CREWDIBLE/2025 Transaksi/12. Crewdible Transaksi Desember 2025.xlsx,2025 Transaksi,12. Crewdible Transaksi Desember 2025.xlsx,.xlsx,xlsx_zip,3555030,Transaction,2,22975,11319,11656,35,No | Gudang | Tanggal Transaksi | No. Transaksi | Status | Pengirim | No. HP Pengirim | Nama Toko | Nama Marketplace | Penerima | No. HP Penerima | Alamat Penerima | Nama Produk | No. SKU | Qty Produk | Harga Produk | Total Harga Produk | Total Nilai Transaksi | Biaya Transaksi | PPN Biaya Transaksi | Material Packaging | Harga Material Packaging | Qty Material Packaging | Total Harga Material Packaging | Total Biaya Packaging | PPN Total Biaya Packaging | Total Biaya QC | PPN Total Biaya QC | Total Biaya Shipping Label | PPN Total Biaya Shipping Label | Logistik | Kode Booking | No. AWB | Biaya Logistik | Total Biaya Transaksi,CANCELLED:7; DONE:11272; REJECT:40,LAZADA:224; SHOPEE:7001; TIKTOK:4034,38,BERAS SEHAT STORE; Bandar Organik Store; Bandung Diet & Healthy Corner; Basecamp Organik; Beras Sehat Organik; Beras Sehat Shop; Bogor Healthy Store; Bromo Organik; Bromo organik; Lembah Organik Store; Medan Organik Store; Merapiorganik,
data/CREWDIBLE/2025 Transaksi/2. Crewdible Transaksi Februari 2025.xlsx,2025 Transaksi,2. Crewdible Transaksi Februari 2025.xlsx,.xlsx,xlsx_zip,1103230,Transaction,2,7372,3062,4310,35,No | Gudang | Tanggal Transaksi | No. Transaksi | Status | Pengirim | No. HP Pengirim | Nama Toko | Nama Marketplace | Penerima | No. HP Penerima | Alamat Penerima | Nama Produk | No. SKU | Qty Produk | Harga Produk | Total Harga Produk | Total Nilai Transaksi | Biaya Transaksi | PPN Biaya Transaksi | Material Packaging | Harga Material Packaging | Qty Material Packaging | Total Harga Material Packaging | Total Biaya Packaging | PPN Total Biaya Packaging | Total Biaya QC | PPN Total Biaya QC | Total Biaya Shipping Label | PPN Total Biaya Shipping Label | Logistik | Kode Booking | No. AWB | Biaya Logistik | Total Biaya Transaksi,CANCELLED:4; DONE:3051; REJECT:7,LAZADA:264; SHOPEE:2153; TIKTOK:458,25,BERAS SEHAT STORE; Bandar Organik Store; Bandung Diet & Healthy Corner; Beras Sehat Organik; Bogor Healthy Store; Bromo Organik; Lembah Organik Store; Medan Organik Store; Merbabu Organik Store; OWELLNESS ORGANIK SHOP; PORICE OFFICIAL STORE; Pusat Beras Berkualitas,
data/CREWDIBLE/2025 Transaksi/3. Crewdible Transaksi Maret 2025.xlsx,2025 Transaksi,3. Crewdible Transaksi Maret 2025.xlsx,.xlsx,xlsx_zip,1300262,Transaction,2,8886,3980,4906,35,No | Gudang | Tanggal Transaksi | No. Transaksi | Status | Pengirim | No. HP Pengirim | Nama Toko | Nama Marketplace | Penerima | No. HP Penerima | Alamat Penerima | Nama Produk | No. SKU | Qty Produk | Harga Produk | Total Harga Produk | Total Nilai Transaksi | Biaya Transaksi | PPN Biaya Transaksi | Material Packaging | Harga Material Packaging | Qty Material Packaging | Total Harga Material Packaging | Total Biaya Packaging | PPN Total Biaya Packaging | Total Biaya QC | PPN Total Biaya QC | Total Biaya Shipping Label | PPN Total Biaya Shipping Label | Logistik | Kode Booking | No. AWB | Biaya Logistik | Total Biaya Transaksi,CANCELLED:4; DONE:3960; REJECT:16,LAZADA:203; SHOPEE:1903; TIKTOK:1719,27,BERAS SEHAT STORE; Bandar Organik Store; Bandung Diet & Healthy Corner; Beras Sehat Organik; Bogor Healthy Store; Bromo Organik; Lembah Organik Store; Medan Organik Store; Merbabu Organik Store; OWELLNESS ORGANIK SHOP; PORICE OFFICIAL STORE; Pusat Beras Berkualitas,
data/CREWDIBLE/2025 Transaksi/4. Crewdible Transaksi April 2025.xlsx,2025 Transaksi,4. Crewdible Transaksi April 2025.xlsx,.xlsx,xlsx_zip,1701920,Transaction,2,11361,5223,6138,35,No | Gudang | Tanggal Transaksi | No. Transaksi | Status | Pengirim | No. HP Pengirim | Nama Toko | Nama Marketplace | Penerima | No. HP Penerima | Alamat Penerima | Nama Produk | No. SKU | Qty Produk | Harga Produk | Total Harga Produk | Total Nilai Transaksi | Biaya Transaksi | PPN Biaya Transaksi | Material Packaging | Harga Material Packaging | Qty Material Packaging | Total Harga Material Packaging | Total Biaya Packaging | PPN Total Biaya Packaging | Total Biaya QC | PPN Total Biaya QC | Total Biaya Shipping Label | PPN Total Biaya Shipping Label | Logistik | Kode Booking | No. AWB | Biaya Logistik | Total Biaya Transaksi,CANCELLED:18; DONE:5163; REJECT:42,LAZADA:194; SHOPEE:1851; TIKTOK:2949,29,BERAS SEHAT STORE; Bandar Organik Store; Bandung Diet & Healthy Corner; Beras Sehat Organik; Bogor Healthy Store; Bromo Organik; Lembah Organik Store; Medan Organik Store; Merbabu Organik Store; OWELLNESS ORGANIK SHOP; PORICE OFFICIAL STORE; Pundi organik,
data/CREWDIBLE/2025 Transaksi/5. Crewdible Transaksi Mei 2025.xlsx,2025 Transaksi,5. Crewdible Transaksi Mei 2025.xlsx,.xlsx,xlsx_zip,1966911,Transaction,2,13683,6188,7495,35,No | Gudang | Tanggal Transaksi | No. Transaksi | Status | Pengirim | No. HP Pengirim | Nama Toko | Nama Marketplace | Penerima | No. HP Penerima | Alamat Penerima | Nama Produk | No. SKU | Qty Produk | Harga Produk | Total Harga Produk | Total Nilai Transaksi | Biaya Transaksi | PPN Biaya Transaksi | Material Packaging | Harga Material Packaging | Qty Material Packaging | Total Harga Material Packaging | Total Biaya Packaging | PPN Total Biaya Packaging | Total Biaya QC | PPN Total Biaya QC | Total Biaya Shipping Label | PPN Total Biaya Shipping Label | Logistik | Kode Booking | No. AWB | Biaya Logistik | Total Biaya Transaksi,CANCELLED:3; DONE:6173; REJECT:12,LAZADA:262; SHOPEE:2530; TIKTOK:3249,32,BERAS SEHAT STORE; Bandar Organik Store; Bandung Diet & Healthy Corner; Beras Sehat Organik; Bogor Healthy Store; Bromo Organik; Bromo organik; Lembah Organik Store; Medan Organik Store; Merbabu Organik Store; OWELLNESS ORGANIK SHOP; PORICE OFFICIAL STORE,
data/CREWDIBLE/2025 Transaksi/6. Crewdible Transaksi Juni 2025.xlsx,2025 Transaksi,6. Crewdible Transaksi Juni 2025.xlsx,.xlsx,xlsx_zip,2056858,Transaction,2,14166,6409,7757,35,No | Gudang | Tanggal Transaksi | No. Transaksi | Status | Pengirim | No. HP Pengirim | Nama Toko | Nama Marketplace | Penerima | No. HP Penerima | Alamat Penerima | Nama Produk | No. SKU | Qty Produk | Harga Produk | Total Harga Produk | Total Nilai Transaksi | Biaya Transaksi | PPN Biaya Transaksi | Material Packaging | Harga Material Packaging | Qty Material Packaging | Total Harga Material Packaging | Total Biaya Packaging | PPN Total Biaya Packaging | Total Biaya QC | PPN Total Biaya QC | Total Biaya Shipping Label | PPN Total Biaya Shipping Label | Logistik | Kode Booking | No. AWB | Biaya Logistik | Total Biaya Transaksi,CANCELLED:5; DONE:6389; REJECT:15,LAZADA:284; SHOPEE:2385; TIKTOK:3581,35,BERAS SEHAT STORE; Bandar Organik Store; Bandung Diet & Healthy Corner; Basecamp Organik; Beras Sehat Organik; Beras Sehat Shop; Bogor Healthy Store; Bromo Organik; Bromo organik; Lembah Organik Store; Medan Organik Store; Merbabu Organik Store,
data/CREWDIBLE/2025 Transaksi/7. Crewdible Transaksi Juli 2025.xlsx,2025 Transaksi,7. Crewdible Transaksi Juli 2025.xlsx,.xlsx,xlsx_zip,2279905,Transaction,2,15583,7121,8462,35,No | Gudang | Tanggal Transaksi | No. Transaksi | Status | Pengirim | No. HP Pengirim | Nama Toko | Nama Marketplace | Penerima | No. HP Penerima | Alamat Penerima | Nama Produk | No. SKU | Qty Produk | Harga Produk | Total Harga Produk | Total Nilai Transaksi | Biaya Transaksi | PPN Biaya Transaksi | Material Packaging | Harga Material Packaging | Qty Material Packaging | Total Harga Material Packaging | Total Biaya Packaging | PPN Total Biaya Packaging | Total Biaya QC | PPN Total Biaya QC | Total Biaya Shipping Label | PPN Total Biaya Shipping Label | Logistik | Kode Booking | No. AWB | Biaya Logistik | Total Biaya Transaksi,CANCELLED:12; DONE:7096; REJECT:13,LAZADA:350; SHOPEE:2996; TIKTOK:3667,34,BERAS SEHAT STORE; Bandar Organik Store; Bandung Diet & Healthy Corner; Basecamp Organik; Beras Sehat Organik; Beras Sehat Shop; Bogor Healthy Store; Bromo Organik; Bromo organik; Lembah Organik Store; Medan Organik Store; Merbabu Organik Store,
data/CREWDIBLE/2025 Transaksi/8. Crewdible Transaksi Agustus 2025.xlsx,2025 Transaksi,8. Crewdible Transaksi Agustus 2025.xlsx,.xlsx,xlsx_zip,1264414,Transaction,2,8461,4015,4446,35,No | Gudang | Tanggal Transaksi | No. Transaksi | Status | Pengirim | No. HP Pengirim | Nama Toko | Nama Marketplace | Penerima | No. HP Penerima | Alamat Penerima | Nama Produk | No. SKU | Qty Produk | Harga Produk | Total Harga Produk | Total Nilai Transaksi | Biaya Transaksi | PPN Biaya Transaksi | Material Packaging | Harga Material Packaging | Qty Material Packaging | Total Harga Material Packaging | Total Biaya Packaging | PPN Total Biaya Packaging | Total Biaya QC | PPN Total Biaya QC | Total Biaya Shipping Label | PPN Total Biaya Shipping Label | Logistik | Kode Booking | No. AWB | Biaya Logistik | Total Biaya Transaksi,CANCELLED:14; DONE:3983; REJECT:18,LAZADA:217; SHOPEE:2009; TIKTOK:1656,36,BERAS SEHAT STORE; Bandar Organik Store; Bandung Diet & Healthy Corner; Basecamp Organik; Beras Sehat Organik; Beras Sehat Shop; Bogor Healthy Store; Bromo Organik; Bromo organik; Lembah Organik Store; Medan Organik Store; Merapiorganik,
data/CREWDIBLE/2025 Transaksi/9. Crewdible Transaksi September 2025.xlsx,2025 Transaksi,9. Crewdible Transaksi September 2025.xlsx,.xlsx,xlsx_zip,1518509,Transaction,2,10086,4920,5166,35,No | Gudang | Tanggal Transaksi | No. Transaksi | Status | Pengirim | No. HP Pengirim | Nama Toko | Nama Marketplace | Penerima | No. HP Penerima | Alamat Penerima | Nama Produk | No. SKU | Qty Produk | Harga Produk | Total Harga Produk | Total Nilai Transaksi | Biaya Transaksi | PPN Biaya Transaksi | Material Packaging | Harga Material Packaging | Qty Material Packaging | Total Harga Material Packaging | Total Biaya Packaging | PPN Total Biaya Packaging | Total Biaya QC | PPN Total Biaya QC | Total Biaya Shipping Label | PPN Total Biaya Shipping Label | Logistik | Kode Booking | No. AWB | Biaya Logistik | Total Biaya Transaksi,CANCELLED:8; DONE:4896; REJECT:16,LAZADA:269; SHOPEE:2513; TIKTOK:2032,38,BERAS SEHAT STORE; Bandar Organik Store; Bandung Diet & Healthy Corner; Basecamp Organik; Beras Sehat Organik; Beras Sehat Shop; Bogor Healthy Store; Bromo Organik; Bromo organik; Lembah Organik Store; Medan Organik Store; Merapiorganik,
data/CREWDIBLE/2026 Transaksi/1. Transaksi crewdible januari 2026.xls,2026 Transaksi,1. Transaksi crewdible januari 2026.xls,.xls,xlsx_zip,3926028,Transaction,1,22224,10963,11261,35,No | Gudang | Tanggal Transaksi | No. Transaksi | Status | Pengirim | No. HP Pengirim | Nama Toko | Nama Marketplace | Penerima | No. HP Penerima | Alamat Penerima | Nama Produk | No. SKU | Qty Produk | Harga Produk | Total Harga Produk | Total Nilai Transaksi | Biaya Transaksi | PPN Biaya Transaksi | Material Packaging | Harga Material Packaging | Qty Material Packaging | Total Harga Material Packaging | Total Biaya Packaging | PPN Total Biaya Packaging | Total Biaya QC | PPN Total Biaya QC | Total Biaya Shipping Label | PPN Total Biaya Shipping Label | Logistik | Kode Booking | No. AWB | Biaya Logistik | Total Biaya Transaksi,CANCELLED:7; DONE:10896; REJECT:60,LAZADA:211; SHOPEE:6404; TIKTOK:4265,39,BERAS SEHAT STORE; Bandar Organik Store; Bandung Diet & Healthy Corner; Basecamp Organik; Beras Sehat Organik; Beras Sehat Shop; Bogor Healthy Store; Bromo Organik; Bromo organik; Lembah Organik Store; Medan Organik Store; Merapi Organik,
data/CREWDIBLE/2026 Transaksi/2. Transaksi crewdible februari 2026.xls,2026 Transaksi,2. Transaksi crewdible februari 2026.xls,.xls,xlsx_zip,3826917,Transaction,1,24765,12356,12409,35,No | Gudang | Tanggal Transaksi | No. Transaksi | Status | Pengirim | No. HP Pengirim | Nama Toko | Nama Marketplace | Penerima | No. HP Penerima | Alamat Penerima | Nama Produk | No. SKU | Qty Produk | Harga Produk | Total Harga Produk | Total Nilai Transaksi | Biaya Transaksi | PPN Biaya Transaksi | Material Packaging | Harga Material Packaging | Qty Material Packaging | Total Harga Material Packaging | Total Biaya Packaging | PPN Total Biaya Packaging | Total Biaya QC | PPN Total Biaya QC | Total Biaya Shipping Label | PPN Total Biaya Shipping Label | Logistik | Kode Booking | No. AWB | Biaya Logistik | Total Biaya Transaksi,CANCELLED:15; DONE:12304; PENDING:1; REJECT:36,LAZADA:200; SHOPEE:7385; TIKTOK:4689,39,BERAS SEHAT STORE; Bandar Organik Store; Bandung Diet & Healthy Corner; Basecamp Organik; Beras Sehat Organik; Beras Sehat Shop; Bogor Healthy Store; Bromo Organik; Bromo organik; Lembah Organik Store; Medan Organik Store; Merapi Organik,
data/CREWDIBLE/2026 Transaksi/3. Transaksi crewdible maret 2026.xlsx,2026 Transaksi,3. Transaksi crewdible maret 2026.xlsx,.xlsx,xlsx_zip,2763828,Transaction,1,20582,10311,10271,35,No | Gudang | Tanggal Transaksi | No. Transaksi | Status | Pengirim | No. HP Pengirim | Nama Toko | Nama Marketplace | Penerima | No. HP Penerima | Alamat Penerima | Nama Produk | No. SKU | Qty Produk | Harga Produk | Total Harga Produk | Total Nilai Transaksi | Biaya Transaksi | PPN Biaya Transaksi | Material Packaging | Harga Material Packaging | Qty Material Packaging | Total Harga Material Packaging | Total Biaya Packaging | PPN Total Biaya Packaging | Total Biaya QC | PPN Total Biaya QC | Total Biaya Shipping Label | PPN Total Biaya Shipping Label | Logistik | Kode Booking | No. AWB | Biaya Logistik | Total Biaya Transaksi,CANCELLED:7; DONE:10190; PENDING:1; REJECT:113,LAZADA:133; SHOPEE:6249; TIKTOK:3787,39,BERAS SEHAT STORE; Bandar Organik Store; Bandung Diet & Healthy Corner; Basecamp Organik; Beras Sehat Organik; Beras Sehat Shop; Bogor Healthy Store; Bromo Organik; Bromo organik; Lembah Organik Store; Medan Organik Store; Merapi Organik,
data/CREWDIBLE/2026 Transaksi/4. Transaksi Crewdible April 2026.xlsx,2026 Transaksi,4. Transaksi Crewdible April 2026.xlsx,.xlsx,xlsx_zip,2982099,Transaction,1,22384,10994,11390,35,No | Gudang | Tanggal Transaksi | No. Transaksi | Status | Pengirim | No. HP Pengirim | Nama Toko | Nama Marketplace | Penerima | No. HP Penerima | Alamat Penerima | Nama Produk | No. SKU | Qty Produk | Harga Produk | Total Harga Produk | Total Nilai Transaksi | Biaya Transaksi | PPN Biaya Transaksi | Material Packaging | Harga Material Packaging | Qty Material Packaging | Total Harga Material Packaging | Total Biaya Packaging | PPN Total Biaya Packaging | Total Biaya QC | PPN Total Biaya QC | Total Biaya Shipping Label | PPN Total Biaya Shipping Label | Logistik | Kode Booking | No. AWB | Biaya Logistik | Total Biaya Transaksi,CANCELLED:21; DONE:10432; PENDING:7; PENDING AWB:457; REJECT:77,LAZADA:122; SHOPEE:6534; TIKTOK:4232,39,BERAS SEHAT STORE; Bandar Organik Store; Bandung Diet & Healthy Corner; Basecamp Organik; Beras Sehat Organik; Beras Sehat Shop; Bogor Healthy Store; Bromo Organik; Bromo organik; Lembah Organik Store; Medan Organik Store; Merapi Organik,
data/CREWDIBLE/2026 Transaksi/5. Transaksi Crewdible Mei 2026.xlsx,2026 Transaksi,5. Transaksi Crewdible Mei 2026.xlsx,.xlsx,xlsx_zip,3023013,Transaction,1,22727,10709,12018,35,No | Gudang | Tanggal Transaksi | No. Transaksi | Status | Pengirim | No. HP Pengirim | Nama Toko | Nama Marketplace | Penerima | No. HP Penerima | Alamat Penerima | Nama Produk | No. SKU | Qty Produk | Harga Produk | Total Harga Produk | Total Nilai Transaksi | Biaya Transaksi | PPN Biaya Transaksi | Material Packaging | Harga Material Packaging | Qty Material Packaging | Total Harga Material Packaging | Total Biaya Packaging | PPN Total Biaya Packaging | Total Biaya QC | PPN Total Biaya QC | Total Biaya Shipping Label | PPN Total Biaya Shipping Label | Logistik | Kode Booking | No. AWB | Biaya Logistik | Total Biaya Transaksi,CANCELLED:9; DONE:10430; PENDING:150; PENDING AWB:99; REJECT:21,LAZADA:90; SHOPEE:6407; TIKTOK:4168,39,BERAS SEHAT STORE; Bandar Organik Store; Bandung Diet & Healthy Corner; Basecamp Organik; Beras Sehat Organik; Beras Sehat Shop; Bogor Healthy Store; Bromo Organik; Bromo organik; Lembah Organik Store; Medan Organik Store; Merapi Organik,
